ID_Usuario,Nombre_Usuario,Tipo_Suscripcion,Horas_Reproducidas,Dispositivos_Conectados,Region_Usuario,Monto_Mensual_USD
1,Ana_Gomez,Premium,65,3,Norte,15.99
2,Carlos_Perez,Basico,12,1,Sur,9.99
3,Mariana_Tech,Familiar,85,5,Este,22.99
4,Luis_G,Basico,45,2,Norte,9.99
5,Ana_Martínez,Premium,30,2,Sur,15.99
6,Juan_V,Familiar,110,4,Este,22.99
7,Sofia_Corp,Premium,55,4,Oeste,15.99
8,Pedro_S,Basico,8,1,Oeste,9.99
9,Carlos_Labs,Premium,42,3,Sur,15.99
10,Elena_M,Familiar,95,5,Norte,22.99
11,Luis_G,basico,45,2,Norte,9.99
12,Roberto_M,premium,15,1,,15.99
13,Lucia_Tech,familiar,70,4,Este,
14,Andres_F,Basico,,2,Sur,9.99
15,Camila_R,Premium,50,,Oeste,15.99
16,Mateo_H,Familiar,120,6,Norte,22.99
17,Sofia_Corp,Premium,55,4,Oeste,15.99
18,Diego_S,Basico,5,1,Este,9.99
19,Valentina_M,Premium,75,3,,15.99
20,Javier_A,Familiar,,4,Sur,22.99
21,Andres_F,Basico,,2,Sur,9.99
22,Laura_Q,Basico,18,1,Norte,9.99
23,Gabriel_P,Premium,60,3,Oeste,
24,Isabella_Z,Familiar,105,5,Este,22.99
25,Lucas_W,Basico,22,,Sur,9.99
26,Ana_Gomez,Premium,65,3,Norte,15.99
27,Nicolas_K,Premium,,2,Norte,15.99
28,Daniela_O,Basico,14,1,,9.99
29,Tomas_L,Familiar,88,4,Este,22.99
30,Martina_X,Premium,40,3,Oeste,15.99
31,Javier_A,Familiar,,4,Sur,22.99
32,Samuel_V,Basico,9,1,Sur,9.99
33,Valeria_B,Premium,92,3,Norte,15.99
34,Benjamin_N,Familiar,130,5,Este,22.99
35,Lucia_Tech,familiar,70,4,Este,
36,Mia_P,Basico,31,2,Oeste,9.99
37,Joaquin_M,Premium,48,2,,15.99
38,Elena_M,Familiar,95,5,Norte,22.99
39,Alejandro_C,Basico,11,1,Sur,9.99
40,Sofia_Corp,Premium,55,4,Oeste,15.99
41,Zoe_T,Premium,67,3,Norte,15.99
42,Matías_U,Familiar,,4,Este,22.99
43,Victoria_I,Basico,25,2,Oeste,9.99
44,Carlos_Perez,Basico,12,1,Sur,9.99
45,Sara_E,Premium,58,3,Sur,15.99
46,Daniel_Y,Familiar,115,5,Norte,22.99
47,Simon_D,Basico,4,1,Este,9.99
48,Catalina_L,Premium,82,3,Oeste,15.99
49,Tomas_L,Familiar,88,4,Este,22.99
50,Amanda_F,Basico,,1,Sur,9.99